열차번호,편성,행신,서울,영등포,수원,광명,천안아산,오송,대전,김천구미,서대구,동대구,경주,울산,경산,밀양,물금,구포,부산,운행요일
1,KTX,,5:13,,,5:32,,,6:14,,,6:58,7:16,7:29,,,,,7:50,매일
161,KTX,,5:18,,,5:37,,,6:19,,,7:03,,,,7:36,,8:03,8:16,월
3,KTX,,5:27,,,5:46,6:09,,6:34,6:59,,7:24,7:42,7:55,,,,,8:16,매일
5,KTX,,5:58,,,6:17,6:39,,7:04,,7:47,7:56,,8:22,,,,,8:43,매일
75,KTX-산천,,6:03,,,6:22,6:44,6:57,7:14,7:38,,8:03,,8:28,,,,,8:49,매일
7,KTX,6:11,6:33,,,6:52,,7:21,7:40,8:04,,8:29,8:48,9:00,,,,,9:22,매일
9,KTX,,6:57,,,7:16,7:39,7:52,8:09,,,8:53,,9:18,,,,,9:39,매일
11,KTX,7:01,7:27,,,7:46,,8:14,8:32,8:57,,9:22,,,,,,,10:03,매일
171,KTX,,6:48,7:01,7:26,,,,8:39,9:04,,9:29,,,,,,,10:09,금토일
13,KTX,,7:50,,,8:09,,,8:49,,,9:33,9:52,10:04,,,,,10:26,매일
15,KTX,,7:58,,,8:17,8:39,,9:04,9:29,,9:54,10:12,10:25,,,,,10:46,매일
191,KTX-산천,,8:35,,,8:54,,,9:36,,,10:24,,,,,,,11:04,매일
9017,KTX-청룡,8:30,8:58,,,,,,9:52,,,10:36,,,,,,,11:16,토일
17,KTX-청룡,8:30,8:58,,,,,,9:52,,,10:36,,,,,,,11:16,매일
121,KTX,,8:12,8:23,8:46,,,,9:57,,,10:41,10:59,11:12,,,,,11:33,매일
19,KTX-산천,,9:28,,,9:47,,10:16,10:35,10:59,,11:24,11:43,11:56,,,,,12:17,매일
101,KTX,,9:33,,,9:52,10:14,10:27,10:44,,11:27,11:37,,,,12:09,12:29,12:40,12:53,매일
21,KTX,,9:58,,,10:17,10:39,,11:04,11:29,,11:54,12:12,12:25,,,,,12:46,매일
163,KTX,,10:18,,,,10:54,11:07,11:24,,12:07,12:16,,,,12:48,13:08,13:19,13:32,금토일
23,KTX,,10:28,,,10:47,11:09,11:22,11:39,12:03,,12:28,,12:53,,,,,13:14,매일
123,KTX,,10:12,10:23,10:47,,,,11:59,,,12:43,13:01,13:14,,,,,13:35,매일
25,KTX,,10:58,,,11:17,11:39,,12:05,,,12:49,13:08,13:20,,,,,13:42,매일
27,KTX,,11:58,,,12:17,12:39,,13:05,,,13:49,14:08,14:20,,,,,14:42,매일
173,KTX,,11:31,11:42,12:06,,,,13:17,13:41,,14:06,,,,,,,14:50,토일
29,KTX,,12:25,,,12:44,13:06,,13:31,13:56,,14:21,,14:46,,,,,15:07,매일
31,KTX_산천,,12:58,,,13:17,13:39,13:52,14:09,,,14:58,15:16,,,,,,15:44,매일
103,KTX,,13:08,,,13:27,13:49,,14:14,14:39,15:03,15:12,,,,15:44,16:04,16:15,16:28,매일
33,KTX,,13:18,,,13:37,14:00,14:12,14:29,,,15:13,,15:38,,,,,15:59,매일
183,KTX,13:27,13:49,,,14:08,,,14:50,15:14,,15:39,,16:04,,,,,16:25,월화수목
83,KTX,13:27,13:49,,,14:08,,,14:50,15:14,,15:39,,16:04,,,,,16:25,금토일
35,KTX,,13:58,,,,14:35,14:48,15:05,,,15:49,16:07,,,,,,16:35,매일
85,KTX,13:53,14:15,,,14:34,,,15:14,15:38,,16:04,,,,,,,16:44,금토일
37,KTX,,14:19,,,14:38,,15:06,15:25,,,16:09,,,,,,,16:50,매일
39,KTX-산천,,14:28,,,14:47,15:09,,15:34,,,16:19,16:38,16:51,,,,,17:12,매일
87,KTX,,14:42,,,15:01,15:23,15:36,15:53,,,16:37,16:55,,,,,,17:23,금토일
41,KTX,14:36,14:58,,,15:17,15:39,15:52,16:10,,,16:55,17:13,17:26,,,,,17:48,매일
89,KTX-산천,,15:23,,,,16:00,,16:23,,,17:07,17:25,,,,,,17:53,금토일
43,KTX,,15:45,,,,,,16:39,,,17:23,,,,,,,18:03,월화수목
181,KTX-청룡,,15:45,,,,,,16:39,,,17:23,,,,,,,18:03,금토일
9181,KTX-청룡,,15:45,,,,,,16:39,,,17:23,,,,,,,18:03,금토일
193,KTX-산천,,15:50,,,,,,16:46,,,17:34,,17:58,,,,,18:20,매일
45,KTX,,15:58,,,16:17,,,16:57,17:21,17:45,17:54,18:14,,,,,,18:42,매일
175,KTX,,15:19,15:32,15:56,,,,17:07,,,17:51,,18:16,,,,,18:38,금토일
47,KTX,,16:28,,,,17:04,,17:29,,,18:13,,18:38,,,,,18:59,매일
125,KTX,,16:02,16:16,16:41,,,,17:51,,,18:35,,19:00,,,,,19:21,매일
49,KTX,,16:58,,,17:18,,17:46,18:05,18:30,,18:55,19:13,19:26,,,,,19:47,매일
105,KTX,16:51,17:13,,,17:32,,,18:14,,,18:58,,,19:09,19:36,,20:02,20:15,매일
51,KTX,,17:23,,,17:42,18:04,,18:29,18:54,,19:19,19:37,19:50,,,,,20:11,매일
53,KTX,,17:58,,,,18:34,,18:59,19:24,,19:49,,20:14,,,,,20:35,매일
55,KTX,,18:13,,,18:32,,19:00,19:19,19:44,,20:09,,20:34,,,,,20:55,매일
57,KTX,18:03,18:24,,,18:43,19:06,19:18,19:37,,,20:21,20:40,20:52,,,,,21:14,매일
107,KTX,,18:41,,,19:00,19:22,19:35,19:52,20:16,20:40,20:49,,,,21:22,21:42,21:53,22:06,매일
59,KTX,,18:58,,,19:17,19:39,19:52,20:09,,,20:52,,21:17,,,,,21:38,매일
91,KTX,,19:20,,,19:39,,,20:19,,,21:03,21:21,,,,,,21:49,금토일
61,KTX,,19:35,,,,,20:17,20:34,20:59,,21:24,,21:49,,,,,22:10,매일
127,KTX,,18:53,19:07,19:33,,,,20:44,,,21:28,21:46,,,,,,22:14,매일
165,KTX,,19:44,,,20:03,20:25,,20:49,,,21:33,,,,22:06,22:26,22:37,22:50,금토
93,KTX,,19:54,,,20:13,20:35,,20:58,,,21:42,22:01,,,,,,22:29,금토일
63,KTX,,19:58,,,20:17,20:39,20:52,21:09,,,21:52,,22:17,,,,,22:38,매일
95,KTX,,20:13,,,20:32,20:55,,21:18,,,22:02,,,,,,,22:42,금토일
65,KTX,,20:28,,,,,,21:22,,22:05,22:14,,22:39,,,,,23:01,매일
177,KTX,,19:48,19:59,20:23,,,,21:33,21:57,,22:22,22:41,,,,,,23:09,금토일
109,KTX,,20:49,,,21:08,21:30,,21:54,,22:37,22:46,,,,23:19,23:39,23:50,0:03,매일
67,KTX,,20:58,,,21:16,21:39,,22:04,22:28,,22:53,23:12,23:24,,,,,23:46,매일
69,KTX,,21:28,,,21:47,,22:16,22:35,,,23:19,,23:43,,,,,0:05,매일
195,KTX-산천,21:10,21:33,,,21:52,22:14,,22:39,,,23:24,23:43,,,,,,0:10,매일
9195,KTX-산천,21:10,21:33,,,21:52,22:14,,22:39,,,23:24,23:43,,,,,,0:10,월화수목
111,KTX,,21:38,,,21:57,22:19,,22:44,,23:27,23:36,,,,0:09,,0:35,0:48,매일
71,KTX,,21:58,,,22:17,22:39,,23:04,,23:47,23:56,,0:22,,,,,0:43,매일
73,KTX,,22:28,,,22:47,23:09,,23:34,,,0:18,,0:43,,,,,1:04,매일
97,KTX,,22:49,,,23:08,,,23:48,,,0:32,,,,,,,1:12,금토일
117,KTX,,22:58,,,23:17,23:39,23:52,0:09,0:33,0:57,1:05,,,,,,,,매일
119,KTX,,23:28,,,23:47,0:09,0:22,0:37,,,,,,,,,,,매일